cases,repair_success,localization_accuracy,strict_minimal_patch_rate,avg_patch_minimality,router_accuracy,avg_changed_steps,avg_expected_steps,avg_repair_rounds,avg_repair_tokens,avg_repair_latency_sec,method
14,6,0.8571428571428571,0.8571428571428571,0.8571428571428571,,1,2.4285714285714284,1,1609.357142857143,,direct_sql_feedback_refiner
13,13,0.7692307692307693,0.9230769230769231,0.9743589743589743,1.0,2,2.076923076923077,2.230769230769231,3813.923076923077,0.0005080923077072769,sqlplus_critic_router_skills
9,4,0.8888888888888888,0.8888888888888888,0.8888888888888888,,1,2.3333333333333335,1,1583.2222222222222,,direct_sql_feedback_refiner_overlap
9,9,0.7777777777777778,0.8888888888888888,0.9629629629629629,1.0,2.111111111111111,2.2222222222222223,2.3333333333333335,4001.777777777778,0.0006540000002941168,sqlplus_critic_router_skills_overlap
